{"train/kn_same_ratio_percent":54.761904761904766,"_timestamp":1.7766218260133796e+09,"_step":640,"_wandb":{"runtime":505},"_runtime":505.132753464,"train/kn_same_ratio":0.5476190476190477}