{"adaptation/tau_low":0.00018926952907349914,"_runtime":609.4756036,"adaptation/acc/selected_accumulated_know_pseudo_labels_acc":0.6857947308440034,"adaptation/tau_high":0.20457935333251953,"adaptation/acc/selected_step_know_pseudo_labels_acc":0.7222222222222222,"adaptation/num_true_unknown/64":30,"adaptation/acc/step_know_preds_acc":0.4411764705882353,"adaptation/acc/step_unknow_preds_acc":0.6666666666666666,"adaptation/num_preds_unknown/64":39,"_timestamp":1.776703477861961e+09,"_wandb":{"runtime":609},"adaptation/acc/selected_accumulated_unknow_pseudo_labels_acc":0.5703810837173321,"_step":864,"adaptation/acc/step_total_preds_acc":0.546875,"adaptation/acc/step_total_pseudo_labels_acc":0.59375,"adaptation/acc/selected_step_unknow_pseudo_labels_acc":0.5476190476190477}