{"adaptation/num_true_unknown/64":30,"adaptation/acc/step_total_pseudo_labels_acc":0.671875,"adaptation/acc/selected_step_know_pseudo_labels_acc":0.9090909090909091,"adaptation/tau_low":0.0005356833359073409,"adaptation/acc/step_know_preds_acc":0.5882352941176471,"_step":864,"adaptation/acc/selected_step_unknow_pseudo_labels_acc":0.6470588235294118,"adaptation/acc/selected_accumulated_know_pseudo_labels_acc":0.7715696717342888,"adaptation/acc/step_total_preds_acc":0.703125,"_runtime":673.416524614,"adaptation/acc/step_unknow_preds_acc":0.8333333333333334,"adaptation/num_preds_unknown/64":38,"_wandb":{"runtime":673},"adaptation/acc/selected_accumulated_unknow_pseudo_labels_acc":0.6066175135292194,"adaptation/tau_high":0.18446307588877842,"_timestamp":1.7767159737439919e+09}