{"_timestamp":1.7767021780006218e+09,"adaptation/acc/step_unknow_preds_acc":0.6666666666666666,"adaptation/acc/step_total_preds_acc":0.59375,"adaptation/acc/selected_step_know_pseudo_labels_acc":0.7222222222222222,"adaptation/num_preds_unknown/64":34,"adaptation/acc/selected_accumulated_know_pseudo_labels_acc":0.6853827061112229,"_runtime":610.188554709,"adaptation/tau_low":0.0001911273575387895,"adaptation/acc/selected_step_unknow_pseudo_labels_acc":0.5476190476190477,"adaptation/num_true_unknown/64":30,"adaptation/acc/step_know_preds_acc":0.5294117647058824,"_wandb":{"runtime":610},"adaptation/acc/selected_accumulated_unknow_pseudo_labels_acc":0.5702279298056881,"adaptation/tau_high":0.20470789074897766,"adaptation/acc/step_total_pseudo_labels_acc":0.59375,"_step":864}