{"adaptation/tau_low":0.00061245422999512,"adaptation/acc/step_know_preds_acc":0.5882352941176471,"adaptation/acc/selected_accumulated_know_pseudo_labels_acc":0.7697056030389364,"_runtime":398.285364537,"adaptation/acc/step_unknow_preds_acc":0.8333333333333334,"adaptation/acc/selected_step_know_pseudo_labels_acc":0.9090909090909091,"adaptation/acc/selected_step_unknow_pseudo_labels_acc":0.6470588235294118,"adaptation/acc/step_total_pseudo_labels_acc":0.671875,"_step":864,"adaptation/num_true_unknown/64":30,"_timestamp":1.7767157100412896e+09,"adaptation/tau_high":0.18438039729598085,"_wandb":{"runtime":398},"adaptation/num_preds_unknown/64":38,"adaptation/acc/step_total_preds_acc":0.703125,"adaptation/acc/selected_accumulated_unknow_pseudo_labels_acc":0.6066627915425415}