{"adaptation/acc/selected_accumulated_know_pseudo_labels_acc":0.6858139847000403,"adaptation/acc/step_total_preds_acc":0.5625,"_step":864,"adaptation/acc/step_know_preds_acc":0.47058823529411764,"_timestamp":1.7766995461858888e+09,"_wandb":{"runtime":250},"_runtime":250.620408767,"adaptation/acc/selected_accumulated_unknow_pseudo_labels_acc":0.570813429321133,"adaptation/acc/selected_step_unknow_pseudo_labels_acc":0.5476190476190477,"adaptation/acc/step_unknow_preds_acc":0.6666666666666666,"adaptation/tau_low":0.0001900948554975912,"adaptation/num_preds_unknown/64":38,"adaptation/acc/step_total_pseudo_labels_acc":0.59375,"adaptation/num_true_unknown/64":30,"adaptation/tau_high":0.20525246858596802,"adaptation/acc/selected_step_know_pseudo_labels_acc":0.7222222222222222}