{"adaptation/tau_low":0.0001900948554975912,"adaptation/tau_high":0.20525246858596802,"adaptation/acc/selected_step_unknow_pseudo_labels_acc":0.5476190476190477,"adaptation/acc/step_total_preds_acc":0.59375,"adaptation/acc/step_know_preds_acc":0.4411764705882353,"adaptation/acc/selected_step_know_pseudo_labels_acc":0.7222222222222222,"adaptation/num_true_unknown/64":30,"_timestamp":1.7766995256426992e+09,"_step":864,"_wandb":{"runtime":249},"adaptation/acc/step_unknow_preds_acc":0.7666666666666667,"adaptation/num_preds_unknown/64":42,"adaptation/acc/selected_accumulated_unknow_pseudo_labels_acc":0.570813429321133,"_runtime":249.507824596,"adaptation/acc/selected_accumulated_know_pseudo_labels_acc":0.6858139847000403,"adaptation/acc/step_total_pseudo_labels_acc":0.59375}