{"adaptation/tau_low":0.0005368372970277449,"adaptation/num_preds_unknown/64":38,"_wandb":{"runtime":676},"adaptation/acc/selected_step_know_pseudo_labels_acc":0.9090909090909091,"adaptation/acc/step_total_preds_acc":0.703125,"adaptation/acc/selected_step_unknow_pseudo_labels_acc":0.6470588235294118,"_runtime":676.54032246,"adaptation/acc/selected_accumulated_unknow_pseudo_labels_acc":0.6067795378578695,"_timestamp":1.7767159704776394e+09,"_step":864,"adaptation/acc/selected_accumulated_know_pseudo_labels_acc":0.7714700193423598,"adaptation/tau_high":0.18457060248837362,"adaptation/num_true_unknown/64":30,"adaptation/acc/step_unknow_preds_acc":0.8333333333333334,"adaptation/acc/step_know_preds_acc":0.5882352941176471,"adaptation/acc/step_total_pseudo_labels_acc":0.671875}